업종구분명,교습과정명,시설위치_경도,시설위치_위도
교습소,{'음악'},127.04891869999999,37.1462791
교습소,{'미술'},127.04891869999999,37.1462791
교습소,{'보습'},127.052419,37.14580915
학교교과교습학원,"{'사', '국', '종합', '논술', '과', '수'}",127.04891869999999,37.1462791
학교교과교습학원,"{'체르니', '이상', '피아노'}",127.04891869999999,37.1462791
학교교과교습학원,"{'바이올린', '관현악', '플룻'}",127.04891869999999,37.1462791
학교교과교습학원,"{'바이엘', '피아노'}",127.04891869999999,37.1462791
학교교과교습학원,{'영어'},127.04891869999999,37.1462791
학교교과교습학원,"{'체르니', '피아노'}",127.04891869999999,37.1462791
학교교과교습학원,"{'종합', '초등'}",127.0460267,37.14755968
학교교과교습학원,"{'체르니', '피아노'}",127.04891869999999,37.1462791
학교교과교습학원,"{'수학', '스쿨'}",127.0687522,37.13392538
학교교과교습학원,{'한국사'},127.0687522,37.13392538
학교교과교습학원,{'피아노'},127.06872560000001,37.12923093
학교교과교습학원,"{'수학', '논술', '저학년'}",127.0687522,37.13392538
교습소,{'미술'},127.06707379999999,37.13206113
교습소,{'보습'},127.07113580000001,37.13139209
교습소,{'음악'},127.0797771,37.12991808
교습소,{'보습'},127.07113580000001,37.13139209
학교교과교습학원,{'일본어'},127.0687522,37.13392538
학교교과교습학원,{'체르니'},127.0685281,37.13511489
학교교과교습학원,{'플룻'},127.07094440000002,37.13133813
학교교과교습학원,"{'사', '국', '종합', '영', '과', '수'}",127.070922,37.131473299999996
학교교과교습학원,"{'단계', '피아노'}",127.06872560000001,37.12923093
학교교과교습학원,"{'고급', '피아노'}",127.07113580000001,37.13139209
학교교과교습학원,"{'수학', '초등'}",127.0685281,37.13511489
학교교과교습학원,"{'영어', '초반'}",127.0686973,37.13550225
학교교과교습학원,"{'영어', '고급', '반'}",127.0686973,37.13550225
학교교과교습학원,"{'회화', '영어', '특강', '반'}",127.0686973,37.13550225
학교교과교습학원,"{'영어', '똑똑'}",127.0687522,37.13392538
학교교과교습학원,{'한자'},127.0687522,37.13392538
학교교과교습학원,"{'단계', '피아노'}",127.06872560000001,37.12923093
학교교과교습학원,"{'영어', '등심', '반'}",127.0686973,37.13550225
학교교과교습학원,{'수학'},127.0687522,37.13392538
학교교과교습학원,{'사회'},127.0687522,37.13392538
학교교과교습학원,"{'영어', '초등'}",127.0685281,37.13511489
학교교과교습학원,"{'수학', '초등'}",127.0685281,37.13511489
학교교과교습학원,"{'독서실', '개월'}",127.0687522,37.13392538
학교교과교습학원,"{'수학', '와락'}",127.0687522,37.13392538
학교교과교습학원,{'수학'},127.0687522,37.13392538
학교교과교습학원,"{'와락', '사회'}",127.0687522,37.13392538
학교교과교습학원,"{'중', '피아노'}",127.06707379999999,37.13206113
학교교과교습학원,"{'급', '피아노'}",127.07094440000002,37.13133813
학교교과교습학원,{'바이올린'},127.07094440000002,37.13133813
학교교과교습학원,"{'수학', '반', '심화', '초등'}",127.0686973,37.13550225
학교교과교습학원,"{'수학', '과목', '종합', '반'}",127.0687522,37.13392538
학교교과교습학원,"{'영어', '초등'}",127.0685281,37.13511489
학교교과교습학원,{'독서'},127.0687522,37.13392538
학교교과교습학원,"{'국어', '스쿨'}",127.0687522,37.13392538
학교교과교습학원,"{'과목', '초등'}",127.0712243,37.12969806
학교교과교습학원,"{'체르니', '피아노'}",127.0731383,37.13064304
학교교과교습학원,"{'영어', '초등'}",127.0685281,37.13511489
학교교과교습학원,"{'국어', '영역'}",127.0687522,37.13392538
학교교과교습학원,{'똑똑'},127.0687522,37.13392538
학교교과교습학원,{'수학'},127.070922,37.131473299999996
학교교과교습학원,{'기타'},127.07094440000002,37.13133813
학교교과교습학원,"{'급', '피아노'}",127.07113580000001,37.13139209
학교교과교습학원,"{'국어', '스쿨'}",127.0687522,37.13392538
학교교과교습학원,"{'국어', '와락'}",127.0687522,37.13392538
학교교과교습학원,{'미술'},127.0731383,37.13064304
학교교과교습학원,"{'초', '바이엘', '피아노'}",127.0731383,37.13064304
학교교과교습학원,"{'체르니', '피아노'}",127.0731383,37.13064304
학교교과교습학원,"{'수학', '초', '중등'}",127.07302630000001,37.13128286
학교교과교습학원,"{'초', '피아노'}",127.0687522,37.13392538
학교교과교습학원,"{'종합', '초등'}",127.0685281,37.13511489
학교교과교습학원,"{'영어', '초등'}",127.0685281,37.13511489
학교교과교습학원,"{'초', '영어', '중등'}",127.07302630000001,37.13128286
학교교과교습학원,"{'수학', '스쿨'}",127.0687522,37.13392538
학교교과교습학원,{'국어'},127.0687522,37.13392538
학교교과교습학원,{'영어'},127.0687522,37.13392538
학교교과교습학원,"{'초', '피아노'}",127.07094440000002,37.13133813
학교교과교습학원,"{'수학', '과반'}",127.0687522,37.13392538
학교교과교습학원,"{'급', '피아노'}",127.0687522,37.13392538
학교교과교습학원,"{'고급', '피아노'}",127.0687522,37.13392538
학교교과교습학원,"{'와락', '과학'}",127.0687522,37.13392538
학교교과교습학원,"{'수학', '논술'}",127.0687522,37.13392538
학교교과교습학원,{'첼로'},127.0687522,37.13392538
학교교과교습학원,"{'영어', '초등'}",127.0712243,37.12969806
학교교과교습학원,{'문법'},127.0687522,37.13392538
학교교과교습학원,{'사회'},127.0687522,37.13392538
학교교과교습학원,{'일본어'},127.0687522,37.13392538
학교교과교습학원,{'우쿨렐레'},127.06707379999999,37.13206113
학교교과교습학원,{'체르니'},127.0685281,37.13511489
학교교과교습학원,"{'영어', '문법', '리딩', '특강', '반'}",127.0686973,37.13550225
학교교과교습학원,"{'입시', '성악'}",127.0687522,37.13392538
학교교과교습학원,"{'수학', '초등'}",127.0685281,37.13511489
학교교과교습학원,{'한자'},127.0687522,37.13392538
학교교과교습학원,{'써밋초등'},127.0687522,37.13392538
학교교과교습학원,"{'수학', '과목', '저학년'}",127.0687522,37.13392538
학교교과교습학원,"{'초', '피아노'}",127.07113580000001,37.13139209
학교교과교습학원,{'플룻'},127.07113580000001,37.13139209
학교교과교습학원,"{'영어', '등반'}",127.0686973,37.13550225
학교교과교습학원,{'사고력'},127.0687522,37.13392538
학교교과교습학원,"{'해피', '톡'}",127.0687522,37.13392538
학교교과교습학원,"{'영어', '와락'}",127.0687522,37.13392538
학교교과교습학원,"{'언어', '초등'}",127.06872560000001,37.12923093
학교교과교습학원,{'바이올린'},127.07113580000001,37.13139209
학교교과교습학원,"{'기초', '영어', '반', '심화'}",127.0686973,37.13550225
학교교과교습학원,"{'고급', '피아노'}",127.0687522,37.13392538
학교교과교습학원,{'기타'},127.0687522,37.13392538
학교교과교습학원,"{'수학', '초등'}",127.0685281,37.13511489
학교교과교습학원,"{'독서실', '일'}",127.0687522,37.13392538
학교교과교습학원,{'과학'},127.0687522,37.13392538
학교교과교습학원,{'듣기'},127.0687522,37.13392538
학교교과교습학원,"{'똑똑', '놀이'}",127.0687522,37.13392538
학교교과교습학원,"{'수학', '똑똑'}",127.0687522,37.13392538
학교교과교습학원,"{'수학', '와락'}",127.0687522,37.13392538
학교교과교습학원,"{'영어', '와락'}",127.0687522,37.13392538
학교교과교습학원,"{'고급', '피아노'}",127.07094440000002,37.13133813
학교교과교습학원,"{'종합', '초등'}",127.06872560000001,37.12923093
학교교과교습학원,"{'영어', '고급', '반', '심화'}",127.0686973,37.13550225
학교교과교습학원,"{'수학', '초반', '초등'}",127.0686973,37.13550225
학교교과교습학원,"{'체르니', '피아노'}",127.0731383,37.13064304
학교교과교습학원,"{'종합', '초등'}",127.0685281,37.13511489
학교교과교습학원,{'독서'},127.0687522,37.13392538
학교교과교습학원,"{'똑똑', '한글'}",127.0687522,37.13392538
학교교과교습학원,{'체르니'},127.0685281,37.13511489
학교교과교습학원,"{'해피', '톡'}",127.0687522,37.13392538
학교교과교습학원,"{'똑똑', '한자'}",127.0687522,37.13392538
학교교과교습학원,"{'국어', '와락'}",127.0687522,37.13392538
학교교과교습학원,"{'미술', '초등'}",127.0685281,37.13511489
학교교과교습학원,{'바이엘'},127.0685281,37.13511489
학교교과교습학원,{'체르니'},127.0685281,37.13511489
학교교과교습학원,"{'초', '피아노'}",127.06707379999999,37.13206113
학교교과교습학원,"{'고급', '피아노'}",127.06707379999999,37.13206113
학교교과교습학원,"{'급', '상', '피아노'}",127.07094440000002,37.13133813
학교교과교습학원,{'드럼'},127.08199809999999,37.13380916
학교교과교습학원,{'피아노'},127.08199809999999,37.13380916
학교교과교습학원,{'바이올린'},127.08199809999999,37.13380916
학교교과교습학원,"{'과목', '초등'}",127.0836071,37.13342062
학교교과교습학원,"{'영어', '코스', '그린', '초등'}",127.08203390000001,37.1357554
학교교과교습학원,"{'주', '일반'}",127.08199809999999,37.13380916
학교교과교습학원,{'플룻'},127.08199809999999,37.13380916
학교교과교습학원,"{'주', '일반'}",127.08199809999999,37.13380916
학교교과교습학원,"{'유치부', '영어'}",127.08530859999999,37.13544681
학교교과교습학원,"{'코스', '영어', '블루', '초등'}",127.08203390000001,37.1357554
학교교과교습학원,"{'코스', '영어', '레드', '초등'}",127.08203390000001,37.1357554
학교교과교습학원,"{'영어', '문법', '초등'}",127.08203390000001,37.1357554
학교교과교습학원,"{'영어', '코스', '블랙', '초등'}",127.08203390000001,37.1357554
학교교과교습학원,"{'영어', '초등'}",127.08203390000001,37.1357554
학교교과교습학원,"{'영어', '초등'}",127.08203390000001,37.1357554
학교교과교습학원,"{'주', '일반'}",127.08199809999999,37.13380916
학교교과교습학원,"{'초', '영어', '등부'}",127.08530859999999,37.13544681
학교교과교습학원,"{'영어', '초등'}",127.08203390000001,37.1357554
학교교과교습학원,"{'코스', '영어', '옐로우', '초등'}",127.08203390000001,37.1357554
학교교과교습학원,"{'수학', '초등'}",127.08203390000001,37.1357554
학교교과교습학원,"{'렐레', '우쿠'}",127.08199809999999,37.13380916
교습소,{'보습'},127.0839219,37.13316811
교습소,{'보습'},127.08199809999999,37.13380916
교습소,{'보습'},127.0839219,37.13316811
학교교과교습학원,"{'코스', '영어', '화이트', '초등'}",127.08203390000001,37.1357554
학교교과교습학원,"{'수학', '반', '초등'}",127.0572017,37.16016973
학교교과교습학원,"{'종합', '초등'}",127.0644153,37.15672421
학교교과교습학원,"{'체르니', '피아노'}",127.0561665,37.16080994
학교교과교습학원,"{'초', '피아노'}",127.0573365,37.15969212
학교교과교습학원,"{'급', '피아노'}",127.0573365,37.15969212
학교교과교습학원,{'바이올린'},127.0680882,37.16011018
학교교과교습학원,"{'영어', '반', '초등'}",127.0572017,37.16016973
학교교과교습학원,{'체르니'},127.0553347,37.16277459
학교교과교습학원,{'플릇'},127.0553347,37.16277459
학교교과교습학원,"{'초', '영어'}",127.0566389,37.16030514
학교교과교습학원,"{'코딩', '교육'}",127.0580571,37.15978189
학교교과교습학원,"{'급반', '피아노'}",127.0680882,37.16011018
학교교과교습학원,"{'수학', '반', '초등'}",127.0572017,37.16016973
학교교과교습학원,"{'종합', '반', '초등'}",127.0572017,37.16016973
학교교과교습학원,"{'학년', '초등'}",127.0561665,37.16080994
학교교과교습학원,"{'바이엘', '피아노'}",127.0553347,37.16277459
학교교과교습학원,"{'영어', '반', '초등'}",127.0572017,37.16016973
학교교과교습학원,"{'수학', '반', '초등'}",127.0572017,37.16016973
학교교과교습학원,"{'종합', '반', '초등'}",127.0572017,37.16016973
학교교과교습학원,"{'기초', '피아노'}",127.0561665,37.16080994
학교교과교습학원,"{'체르니', '피아노'}",127.0553347,37.16277459
학교교과교습학원,"{'초', '반', '피아노'}",127.0680882,37.16011018
학교교과교습학원,"{'학년', '중'}",127.0561665,37.16080994
학교교과교습학원,"{'수학', '등교', '국어', '녀', '초', '다자', '가정'}",127.06002749999999,37.16022247
학교교과교습학원,{'체르니'},127.0553347,37.16277459
학교교과교습학원,"{'초', '피아노'}",127.0573365,37.15969212
학교교과교습학원,"{'영어', '반', '초등'}",127.0572017,37.16016973
학교교과교습학원,"{'종합', '초등'}",127.0561665,37.16091807
학교교과교습학원,"{'회화', '영어', '사회', '일반', '영문법', '등교', '초', '과학'}",127.06002749999999,37.16022247
학교교과교습학원,"{'고급', '반', '피아노'}",127.0680882,37.16011018
학교교과교습학원,"{'초', '영어'}",127.0566389,37.16030514
학교교과교습학원,"{'수급', '계층', '수학', '등교', '국어', '차', '기초', '초', '상위', '가정'}",127.06002749999999,37.16022247
학교교과교습학원,"{'초', '영어', '중'}",127.0566389,37.16030514
학교교과교습학원,"{'체르니', '피아노'}",127.0561665,37.16080994
학교교과교습학원,"{'종합', '반', '초등'}",127.0572017,37.16016973
학교교과교습학원,"{'수학', '반', '초등'}",127.0572017,37.16016973
학교교과교습학원,"{'종합', '반', '초등'}",127.0572017,37.16016973
학교교과교습학원,"{'영어', '반', '초등'}",127.0572017,37.16016973
학교교과교습학원,{'드럼'},127.0680882,37.16011018
학교교과교습학원,"{'수학', '반', '초등'}",127.0572017,37.16016973
학교교과교습학원,{'기타'},127.0573365,37.15969212
학교교과교습학원,"{'일반', '수학', '등교', '국어', '초'}",127.06002749999999,37.16022247
학교교과교습학원,"{'영어', '반', '초등'}",127.0572017,37.16016973
학교교과교습학원,"{'초', '등단'}",127.0561665,37.16091807
학교교과교습학원,{'등단'},127.0561665,37.16091807
학교교과교습학원,"{'체르니', '피아노'}",127.0561665,37.16080994
학교교과교습학원,"{'고급', '피아노'}",127.0573365,37.15969212
학교교과교습학원,"{'영어', '반', '초등'}",127.0572017,37.16016973
학교교과교습학원,"{'회화', '영어', '사회', '영문법', '등교', '과학', '녀', '초', '다자', '가정'}",127.06002749999999,37.16022247
학교교과교습학원,"{'회화', '영어', '사회', '영문법', '수급', '계층', '등교', '과학', '차', '기초', '초', '상위', '가정'}",127.06002749999999,37.16022247
학교교과교습학원,"{'종합', '반', '초등'}",127.0572017,37.16016973
학교교과교습학원,"{'수학', '반', '초등'}",127.0572017,37.16016973
학교교과교습학원,"{'종합', '반', '초등'}",127.0572017,37.16016973
교습소,{'음악'},127.0553347,37.16277459
교습소,{'미술'},127.0553347,37.16277459
교습소,{'미술'},127.0562233,37.16152174
교습소,{'보습'},127.0562233,37.16152174
교습소,{'음악'},127.0566395,37.16114312
교습소,"{'보습', '논술'}",127.05663870000001,37.15994473
학교교과교습학원,"{'입시', '피아노'}",127.0573365,37.15969212
학교교과교습학원,"{'특강', '문법'}",127.05069240000002,37.17441804
교습소,{'음악'},127.04620030000001,37.17560915
교습소,{'미술'},127.05147109999999,37.17721997
교습소,{'보습'},127.0423051,37.17735853
교습소,{'음악'},127.0430922,37.17527686
교습소,{'음악'},127.0489149,37.1771399
교습소,{'보습'},127.0489149,37.1771399
교습소,{'공예'},127.05474779999999,37.17711046
교습소,"{'기타', '소'}",127.05147109999999,37.17721997
교습소,{'보습'},127.0489149,37.1771399
교습소,{'보습'},127.04620030000001,37.17560915
교습소,{'음악'},127.04364209999999,37.17183468
교습소,{'주산'},127.0423051,37.17735853
교습소,{'보습'},127.04620030000001,37.17560915
교습소,{'보습'},127.05225859999999,37.17603027
교습소,{'보습'},127.04364209999999,37.17183468
교습소,{'음악'},127.0489149,37.1771399
교습소,{'음악'},127.0499751,37.1798336
교습소,{'보습'},127.0423051,37.17735853
교습소,{'보습'},127.05425249999999,37.1773089
교습소,{'음악'},127.04667509999999,37.17896986
학교교과교습학원,"{'논술', '고', '중'}",127.0453112,37.17652853
학교교과교습학원,"{'무용', '한국'}",127.0447594,37.17635753
학교교과교습학원,"{'기초', '영어'}",127.0453112,37.17652853
학교교과교습학원,"{'고급', '첼로', '반'}",127.05050159999999,37.175526399999995
학교교과교습학원,"{'바이엘', '피아노'}",127.05050159999999,37.175526399999995
학교교과교습학원,"{'시반', '입', '피아노'}",127.05050159999999,37.175526399999995
학교교과교습학원,"{'영어', '화목'}",127.05047859999999,37.17467042
학교교과교습학원,"{'논술', '영어', '초등'}",127.05127809999999,37.17475119
학교교과교습학원,"{'수학', '스쿨', '초등'}",127.0447594,37.17635753
학교교과교습학원,"{'중', '독서', '국어', '창의', '초'}",127.0447594,37.17635753
학교교과교습학원,"{'영어', '공부', '중', '와락', '초'}",127.0447594,37.17635753
학교교과교습학원,"{'영어', '등부'}",127.05069240000002,37.17441804
학교교과교습학원,"{'수학', '초등'}",127.0501747,37.17496789
학교교과교습학원,"{'수학', '고'}",127.0501747,37.17496789
학교교과교습학원,"{'수학', '초', '고', '중'}",127.0447594,37.17635753
학교교과교습학원,"{'수학', '초', '고', '중'}",127.0447594,37.17635753
학교교과교습학원,"{'초', '국어', '중'}",127.0447594,37.17635753
학교교과교습학원,"{'수학', '팩토'}",127.0501747,37.17496789
학교교과교습학원,{'중'},127.04584059999999,37.17675360000001
학교교과교습학원,"{'수학', '고'}",127.04502959999999,37.17644754
학교교과교습학원,"{'첼로', '반', '중'}",127.05050159999999,37.175526399999995
학교교과교습학원,"{'지도', '자소', '상담', '진학'}",127.05127809999999,37.17475119
학교교과교습학원,{'초'},127.0501747,37.17496789
학교교과교습학원,"{'논술', '영어', '중학'}",127.05127809999999,37.17475119
학교교과교습학원,{'초'},127.0501747,37.17496789
학교교과교습학원,{'영어'},127.05069240000002,37.17441804
학교교과교습학원,"{'초', '국어', '영역', '중'}",127.0447594,37.17635753
학교교과교습학원,"{'공부', '사회', '중', '와락', '초'}",127.0447594,37.17635753
학교교과교습학원,"{'과목', '초등'}",127.0444778,37.17633060000001
학교교과교습학원,"{'영어', '화상'}",127.05069240000002,37.17441804
학교교과교습학원,"{'유치부', '미술', '저학년', '초등'}",127.04502959999999,37.17644754
학교교과교습학원,"{'영어', '화목', '부'}",127.05050159999999,37.175526399999995
학교교과교습학원,"{'영어', '공부', '중', '와락', '단', '초'}",127.0447594,37.17635753
학교교과교습학원,"{'발레', '초', '등부'}",127.0447594,37.17635753
학교교과교습학원,"{'초', '영어'}",127.05127809999999,37.17475119
학교교과교습학원,"{'다인', '실', '일'}",127.05127809999999,37.17475119
학교교과교습학원,"{'사', '국', '영', '과', '초등', '수'}",127.05127809999999,37.17475119
학교교과교습학원,"{'격진', '활동', '학', '자율'}",127.05127809999999,37.17475119
학교교과교습학원,"{'아이', '영어', '중', '레벨', '고', '초'}",127.0447594,37.17635753
학교교과교습학원,"{'수학', '초등'}",127.0447594,37.17635753
학교교과교습학원,"{'사', '국', '과', '초등', '수'}",127.04502959999999,37.17644754
학교교과교습학원,"{'바이올린', '고급', '반'}",127.05050159999999,37.175526399999995
학교교과교습학원,"{'개인실', '개원'}",127.05127809999999,37.17475119
학교교과교습학원,"{'수학', '주', '회'}",127.05050159999999,37.175526399999995
학교교과교습학원,"{'수학', '등주', '회'}",127.05050159999999,37.175526399999995
학교교과교습학원,"{'공부', '중', '수학', '와락', '초'}",127.0447594,37.17635753
학교교과교습학원,{'영어'},127.05069240000002,37.17441804
학교교과교습학원,{'보컬'},127.05050159999999,37.175526399999995
학교교과교습학원,"{'영어', '공부', '중', '와락', '초'}",127.0447594,37.17635753
학교교과교습학원,"{'공부', '중', '수학', '와락', '초'}",127.0447594,37.17635753
학교교과교습학원,"{'특강', '토론'}",127.05069240000002,37.17441804
학교교과교습학원,"{'사', '국', '영', '과', '초등', '수'}",127.04502959999999,37.17644754
학교교과교습학원,"{'초', '영어'}",127.05127809999999,37.17475119
학교교과교습학원,"{'영어', '급'}",127.05127809999999,37.17475119
학교교과교습학원,"{'바이올린', '초반'}",127.05050159999999,37.175526399999995
학교교과교습학원,"{'초', '중', '해피', '톡'}",127.0447594,37.17635753
학교교과교습학원,"{'영어', '중'}",127.0501747,37.17496789
학교교과교습학원,"{'영어', '매일반'}",127.05047859999999,37.17467042
학교교과교습학원,"{'과목', '초'}",127.0453112,37.17652853
학교교과교습학원,"{'중', '피아노'}",127.04584059999999,37.17675360000001
학교교과교습학원,"{'바이올린', '플룻'}",127.04584059999999,37.17675360000001
학교교과교습학원,"{'영어', '급'}",127.0453112,37.17652853
학교교과교습학원,"{'영어', '초등'}",127.04502959999999,37.17644754
학교교과교습학원,"{'수학', '스쿨', '초등'}",127.0447594,37.17635753
학교교과교습학원,"{'입시', '피아노'}",127.04584059999999,37.17675360000001
학교교과교습학원,"{'초', '영어'}",127.05069240000002,37.17441804
학교교과교습학원,"{'수학', '초', '등기'}",127.0453112,37.17652853
학교교과교습학원,"{'수학', '영어', '초등'}",127.04502959999999,37.17644754
학교교과교습학원,"{'영어', '고'}",127.04502959999999,37.17644754
학교교과교습학원,"{'영어', '고급'}",127.05127809999999,37.17475119
학교교과교습학원,{'애니메이션'},127.04502959999999,37.17644754
학교교과교습학원,{'초'},127.0501747,37.17496789
학교교과교습학원,{'중'},127.0501747,37.17496789
학교교과교습학원,"{'지도', '봉사', '상담', '진학'}",127.05127809999999,37.17475119
학교교과교습학원,"{'플러스', '중', '온', '초', '과학'}",127.0447594,37.17635753
학교교과교습학원,"{'초', '고', '한자', '중'}",127.0447594,37.17635753
학교교과교습학원,"{'발레', '전공', '초등'}",127.0447594,37.17635753
학교교과교습학원,"{'유치부', '영어'}",127.05069240000002,37.17441804
학교교과교습학원,"{'영어', '초등'}",127.04502959999999,37.17644754
학교교과교습학원,"{'초', '등고', '미술', '학년'}",127.04502959999999,37.17644754
학교교과교습학원,{'등부'},127.04502959999999,37.17644754
학교교과교습학원,"{'다인', '실', '개월'}",127.05127809999999,37.17475119
학교교과교습학원,"{'바이올린', '반', '중'}",127.05050159999999,37.175526399999995
학교교과교습학원,"{'체르니', '피아노'}",127.05050159999999,37.175526399999995
학교교과교습학원,"{'수학', '초등'}",127.05127809999999,37.17475119
학교교과교습학원,"{'수학', '등주', '회'}",127.05050159999999,37.175526399999995
학교교과교습학원,{'드럼'},127.05069240000002,37.17441804
학교교과교습학원,{'바이올린'},127.04502959999999,37.17644754
학교교과교습학원,"{'영어', '화목', '부'}",127.05050159999999,37.175526399999995
학교교과교습학원,{'피아노'},127.04502959999999,37.17644754
학교교과교습학원,{'영어'},127.05069240000002,37.17441804
학교교과교습학원,"{'초', '영어'}",127.0501747,37.17496789
학교교과교습학원,"{'초', '중', '해피', '톡'}",127.0447594,37.17635753
학교교과교습학원,"{'발레', '유치부'}",127.0447594,37.17635753
학교교과교습학원,"{'상급', '영어'}",127.0453112,37.17652853
학교교과교습학원,"{'개인실', '일'}",127.05127809999999,37.17475119
학교교과교습학원,"{'수학', '초등'}",127.05127809999999,37.17475119
학교교과교습학원,"{'수학', '초등'}",127.04502959999999,37.17644754
학교교과교습학원,"{'중국어', '초등'}",127.0444778,37.17633060000001
학교교과교습학원,{'피아노'},127.05069240000002,37.17441804
학교교과교습학원,"{'영어', '월', '금', '수'}",127.05050159999999,37.175526399999995
학교교과교습학원,"{'이용', '개인실', '월', '료'}",127.05127809999999,37.17475119
학교교과교습학원,"{'사회', '플러스', '중', '온', '초'}",127.0447594,37.17635753
학교교과교습학원,"{'초', '영어', '고', '중'}",127.0447594,37.17635753
학교교과교습학원,"{'이그', '영어', '중', '머', '초'}",127.0447594,37.17635753
학교교과교습학원,"{'공부', '중', '와락', '초', '과학'}",127.0447594,37.17635753
학교교과교습학원,"{'영어', '고급'}",127.0453112,37.17652853
학교교과교습학원,"{'수학', '급', '초등'}",127.0453112,37.17652853
학교교과교습학원,"{'영어', '화상'}",127.05069240000002,37.17441804
학교교과교습학원,"{'말', '특강'}",127.05069240000002,37.17441804
학교교과교습학원,"{'유', '등부', '초'}",127.0444778,37.17633060000001
학교교과교습학원,"{'이용', '개인실', '료'}",127.05127809999999,37.17475119
학교교과교습학원,"{'수학', '주', '회'}",127.05050159999999,37.175526399999995
학교교과교습학원,"{'중', '독서', '국어', '창의', '초'}",127.0447594,37.17635753
학교교과교습학원,"{'사', '국', '과', '초등', '수'}",127.04502959999999,37.17644754
학교교과교습학원,"{'지도', '동아리', '상담', '진학'}",127.05127809999999,37.17475119
학교교과교습학원,"{'수학', '등주', '회'}",127.05050159999999,37.175526399999995
학교교과교습학원,"{'초', '역사', '사회', '중'}",127.0447594,37.17635753
학교교과교습학원,"{'고급', '피아노'}",127.04584059999999,37.17675360000001
학교교과교습학원,"{'기타', '우쿨렐레'}",127.04584059999999,37.17675360000001
학교교과교습학원,"{'수학', '초'}",127.0453112,37.17652853
학교교과교습학원,"{'영어', '등부'}",127.05069240000002,37.17441804
학교교과교습학원,"{'수학', '초등'}",127.05069240000002,37.17441804
학교교과교습학원,"{'첼로', '초반'}",127.05050159999999,37.175526399999995
학교교과교습학원,"{'렉', '기타', '어쿠스틱', '베이스'}",127.05069240000002,37.17441804
학교교과교습학원,"{'상담', '지도', '수행', '진학', '세특'}",127.05127809999999,37.17475119
학교교과교습학원,{'성악'},127.04502959999999,37.17644754
학교교과교습학원,"{'공부', '중', '국어', '와락', '초'}",127.0447594,37.17635753
학교교과교습학원,{'영어'},127.05069240000002,37.17441804
학교교과교습학원,{'영어'},127.05069240000002,37.17441804
학교교과교습학원,"{'수학', '초등'}",127.0501747,37.17496789
학교교과교습학원,"{'영어', '급'}",127.05069240000002,37.17441804
학교교과교습학원,"{'영어', '초등'}",127.05127809999999,37.17475119
학교교과교습학원,"{'초', '영어', '급'}",127.05127809999999,37.17475119
학교교과교습학원,"{'이용', '월', '료'}",127.05127809999999,37.17475119
학교교과교습학원,{'건반'},127.05069240000002,37.17441804
학교교과교습학원,"{'영어', '고급'}",127.0501747,37.17496789
학교교과교습학원,"{'초', '한국사', '중'}",127.0447594,37.17635753
학교교과교습학원,"{'아이', '영어', '중', '리스닝', '초'}",127.0447594,37.17635753
학교교과교습학원,"{'공부', '중', '국어', '와락', '초'}",127.0447594,37.17635753
학교교과교습학원,"{'사고력', '초', '수학', '중'}",127.0447594,37.17635753
학교교과교습학원,"{'초', '피아노'}",127.04584059999999,37.17675360000001
학교교과교습학원,"{'발레', '전공', '초등'}",127.0447594,37.17635753
학교교과교습학원,"{'영어', '월', '수금'}",127.05047859999999,37.17467042
학교교과교습학원,{'작곡'},127.05069240000002,37.17441804
학교교과교습학원,"{'주', '할인', '형제', '일', '바이엘', '피아노'}",127.06727830000001,37.17419394
학교교과교습학원,"{'주', '일', '바이엘', '피아노'}",127.06727830000001,37.17419394
학교교과교습학원,"{'주', '일', '바이엘', '피아노'}",127.06727830000001,37.17419394
학교교과교습학원,"{'댄스', '방송'}",127.05645120000001,37.18147074
학교교과교습학원,"{'바이엘', '피아노'}",127.05645120000001,37.18147074
학교교과교습학원,"{'체르니', '피아노'}",127.05645120000001,37.18147074
학교교과교습학원,"{'체르니', '주', '일', '피아노'}",127.06727830000001,37.17419394
학교교과교습학원,"{'주', '할인', '형제', '일', '체르니', '피아노'}",127.06727830000001,37.17419394
학교교과교습학원,"{'재즈', '심화'}",127.05645120000001,37.18147074
학교교과교습학원,"{'주', '일', '바이엘', '피아노'}",127.06727830000001,37.17419394
학교교과교습학원,"{'체르니', '주', '일', '피아노'}",127.06727830000001,37.17419394
학교교과교습학원,"{'체르니', '주', '일', '피아노'}",127.06727830000001,37.17419394
학교교과교습학원,"{'체르니', '주', '일', '피아노'}",127.06727830000001,37.17419394
학교교과교습학원,"{'체르니', '주', '일', '피아노'}",127.06727830000001,37.17419394
학교교과교습학원,"{'기초', '피아노'}",127.0633377,37.17471862
교습소,{'음악'},127.05261940000001,37.17688611
교습소,{'미술'},127.0633377,37.17471862
교습소,{'음악'},127.06727830000001,37.17419394
학교교과교습학원,"{'체르니', '주', '일', '피아노'}",127.06727830000001,37.17419394
학교교과교습학원,"{'영어', '초등'}",127.0672253,37.17814054
학교교과교습학원,"{'체르니', '주', '일', '피아노'}",127.06727830000001,37.17419394
학교교과교습학원,"{'체르니', '피아노'}",127.05645120000001,37.18147074
학교교과교습학원,{'발레'},127.05645120000001,37.18147074
학교교과교습학원,"{'주', '일', '바이엘', '피아노'}",127.06727830000001,37.17419394
학교교과교습학원,"{'체르니', '주', '일', '피아노'}",127.06727830000001,37.17419394
학교교과교습학원,"{'수학', '초등'}",127.0672253,37.17814054
학교교과교습학원,"{'고급', '피아노'}",127.0633377,37.17471862
학교교과교습학원,"{'중', '피아노'}",127.0633377,37.17471862
학교교과교습학원,"{'주', '할인', '형제', '일', '바이엘', '피아노'}",127.06727830000001,37.17419394
학교교과교습학원,"{'체르니', '주', '일', '피아노'}",127.06727830000001,37.17419394
학교교과교습학원,"{'체르니', '주', '일', '피아노'}",127.06727830000001,37.17419394
학교교과교습학원,"{'재즈', '심화'}",127.05645120000001,37.18147074
학교교과교습학원,"{'체르니', '주', '일', '피아노'}",127.06727830000001,37.17419394
학교교과교습학원,"{'체르니', '주', '일', '피아노'}",127.06727830000001,37.17419394
학교교과교습학원,"{'영어', '저학년', '초등'}",127.04914009999999,37.14011585
학교교과교습학원,"{'수학', '초', '등고', '학년'}",127.04914009999999,37.14011585
학교교과교습학원,"{'보습', '국수', '사과', '초등'}",127.0487244,37.1413955
학교교과교습학원,{'피아노'},127.0486118,37.14122434
학교교과교습학원,"{'종합', '초등'}",127.0472501,37.14153122
학교교과교습학원,"{'드럼', '기타'}",127.0486118,37.14122434
학교교과교습학원,"{'영어', '초등'}",127.0487244,37.1413955
학교교과교습학원,"{'과목', '초등'}",127.04914009999999,37.14011585
교습소,{'보습'},127.04955770000001,37.14211601
학교교과교습학원,{'바이올린'},127.0486118,37.14122434
학교교과교습학원,"{'수학', '초등'}",127.0472501,37.14153122
학교교과교습학원,"{'유아', '영어'}",127.0472501,37.14153122
학교교과교습학원,"{'영어', '초등'}",127.0472501,37.14153122
학교교과교습학원,"{'영어', '초등'}",127.0472501,37.14153122
학교교과교습학원,"{'초', '영어', '등고', '학년'}",127.04914009999999,37.14011585
학교교과교습학원,"{'수학', '저학년', '초등'}",127.04914009999999,37.14011585
학교교과교습학원,"{'국어', '초등'}",127.04914009999999,37.14011585
학교교과교습학원,"{'고급', '피아노'}",127.078949,37.15703114
학교교과교습학원,"{'고급', '피아노'}",127.09041140000001,37.14922918
학교교과교습학원,"{'고급', '피아노'}",127.09067209999999,37.15075176
학교교과교습학원,"{'초', '피아노'}",127.09041140000001,37.14922918
학교교과교습학원,"{'영어', '초등'}",127.078949,37.15703114
학교교과교습학원,"{'수학', '초등'}",127.078949,37.15703114
학교교과교습학원,"{'영어', '대학', '일반'}",127.0907828,37.14913881
학교교과교습학원,{'바이올린'},127.09067209999999,37.15075176
학교교과교습학원,{'영어'},127.09067209999999,37.15075176
학교교과교습학원,{'영어'},127.09067209999999,37.15075176
학교교과교습학원,{'미술'},127.09067209999999,37.15075176
학교교과교습학원,{'영어'},127.09067209999999,37.15075176
학교교과교습학원,"{'수학', '유아'}",127.09067209999999,37.15075176
학교교과교습학원,"{'급', '피아노'}",127.078949,37.15703114
학교교과교습학원,"{'급', '피아노'}",127.078949,37.15703114
학교교과교습학원,{'미술'},127.09067209999999,37.15075176
학교교과교습학원,"{'중', '피아노'}",127.09067209999999,37.15075176
학교교과교습학원,"{'영어', '유치'}",127.0907828,37.14913881
교습소,{'미술'},127.0790062,37.15792314
교습소,{'음악'},127.0777192,37.15428374
학교교과교습학원,"{'초', '피아노'}",127.078949,37.15703114
학교교과교습학원,"{'종합', '초등'}",127.078949,37.15703114
학교교과교습학원,"{'초', '피아노'}",127.09067209999999,37.15075176
학교교과교습학원,"{'초', '피아노'}",127.078949,37.15703114
학교교과교습학원,"{'수학', '초등'}",127.09067209999999,37.15075176
학교교과교습학원,"{'영어', '초등'}",127.0907828,37.14913881
학교교과교습학원,{'영어'},127.09067209999999,37.15075176
학교교과교습학원,"{'중', '피아노'}",127.09041140000001,37.14922918
학교교과교습학원,"{'수학', '초등'}",127.0907828,37.14913881
학교교과교습학원,"{'고급', '피아노'}",127.078949,37.15703114
학교교과교습학원,"{'렐레', '우쿠'}",127.078949,37.15703114
학교교과교습학원,{'영어'},127.09067209999999,37.15075176
학교교과교습학원,"{'체르니', '고급', '작품'}",127.0442237,37.14389306
학교교과교습학원,"{'체르니', '고급'}",127.0442237,37.14389306
학교교과교습학원,{'바이올린'},127.0442237,37.14389306
학교교과교습학원,{'플룻'},127.0442237,37.14389306
학교교과교습학원,{'기타'},127.0442237,37.14389306
학교교과교습학원,"{'초', '바이엘'}",127.0442237,37.14389306
학교교과교습학원,{'우쿨렐레'},127.0442237,37.14389306
학교교과교습학원,{'입시'},127.0442237,37.14389306
교습소,{'음악'},127.0430872,37.14458726
학교교과교습학원,"{'체르니', '중'}",127.0442237,37.14389306
학교교과교습학원,"{'체르니', '중'}",127.0442237,37.14389306
학교교과교습학원,"{'영어', '초등'}",127.04170159999998,37.18633311
교습소,{'음악'},127.040361,37.18532437
교습소,{'미술'},127.0409787,37.1819723
학교교과교습학원,"{'바이엘', '피아노'}",127.040361,37.18532437
학교교과교습학원,{'플룻'},127.0409787,37.1819723
학교교과교습학원,{'피아노'},127.0409787,37.1819723
학교교과교습학원,"{'체르니', '피아노'}",127.040361,37.18532437
학교교과교습학원,"{'체르니', '피아노'}",127.040361,37.18532437
학교교과교습학원,"{'체르니', '피아노'}",127.040361,37.18532437
학교교과교습학원,"{'곡', '피아노'}",127.040361,37.18532437
학교교과교습학원,"{'수학', '초등'}",127.04170159999998,37.18633311
학교교과교습학원,{'플룻'},127.0533368,37.17194809
학교교과교습학원,"{'초', '영어'}",127.0668905,37.16839143
학교교과교습학원,"{'수학', '초'}",127.065394,37.16947348
학교교과교습학원,{'영어'},127.05836880000001,37.17041407
학교교과교습학원,{'보컬'},127.0533368,37.17194809
학교교과교습학원,"{'유치부', '초', '피아노'}",127.0693646,37.16505621
학교교과교습학원,"{'다인', '실', '일'}",127.0659457,37.16955429
학교교과교습학원,{'영어'},127.05836880000001,37.17041407
학교교과교습학원,"{'영어', '초등'}",127.0659457,37.16955429
학교교과교습학원,"{'급', '상', '피아노'}",127.0693646,37.16505621
학교교과교습학원,{'체르니'},127.056614,37.17274858
학교교과교습학원,"{'영어', '초등'}",127.05864050000001,37.17236019
학교교과교습학원,"{'수학', '영어', '초등'}",127.05864050000001,37.17236019
학교교과교습학원,"{'수학', '초'}",127.065394,37.16947348
학교교과교습학원,"{'수학', '초등'}",127.065395,37.17075296
학교교과교습학원,set(),127.0659457,37.16955429
학교교과교습학원,{'기타'},127.0533368,37.17194809
학교교과교습학원,"{'급', '피아노'}",127.0693646,37.16505621
학교교과교습학원,{'영어'},127.065394,37.16947348
학교교과교습학원,"{'초', '과학'}",127.065394,37.16947348
학교교과교습학원,"{'수학', '초등'}",127.06588959999999,37.16977958
학교교과교습학원,"{'수학', '초등'}",127.0586967,37.17222501
학교교과교습학원,{'영어'},127.05836880000001,37.17041407
학교교과교습학원,"{'바이올린', '초'}",127.0693646,37.16505621
학교교과교습학원,"{'키즈', '댄스'}",127.05922520000001,37.17125163
학교교과교습학원,{'영어'},127.065394,37.16947348
학교교과교습학원,"{'영어', '초등'}",127.0586967,37.17222501
학교교과교습학원,"{'초등', '과학'}",127.065395,37.17075296
학교교과교습학원,"{'영어', '초등'}",127.0659457,37.16955429
학교교과교습학원,{'수학'},127.065394,37.16947348
학교교과교습학원,{'바이올린'},127.065394,37.16947348
학교교과교습학원,{'일'},127.0659457,37.16955429
학교교과교습학원,{'영어'},127.065394,37.16947348
학교교과교습학원,"{'수학', '초등'}",127.0585619,37.17266658
학교교과교습학원,"{'체르니', '피아노'}",127.0659457,37.16955429
학교교과교습학원,"{'수학', '초등'}",127.0659457,37.16955429
학교교과교습학원,"{'드럼', '기타', '베이스', '피아노'}",127.05864050000001,37.17236019
학교교과교습학원,"{'수학', '초등'}",127.0585619,37.17266658
학교교과교습학원,"{'바이올린', '급'}",127.0693646,37.16505621
학교교과교습학원,{'체르니'},127.056614,37.17274858
학교교과교습학원,"{'초', '국어'}",127.065394,37.16947348
학교교과교습학원,"{'유치부', '미술', '일'}",127.06353200000001,37.16430246
학교교과교습학원,{'드럼'},127.0533368,37.17194809
교습소,{'보습'},127.06675600000001,37.16905828
교습소,{'보습'},127.058279,37.17072046
교습소,{'미술'},127.065394,37.16947348
교습소,{'미술'},127.056614,37.17274858
교습소,{'보습'},127.058279,37.17072046
교습소,{'음악'},127.059366,37.163863
학교교과교습학원,"{'수학', '초등'}",127.0585619,37.17266658
학교교과교습학원,"{'바이엘', '피아노'}",127.0659457,37.16955429
학교교과교습학원,"{'댄스', '방송'}",127.05922520000001,37.17125163
학교교과교습학원,"{'수학', '초등'}",127.0659457,37.16955429
학교교과교습학원,"{'영어', '초등'}",127.0659457,37.16955429
학교교과교습학원,"{'초', '피아노'}",127.06864440000001,37.16536296
학교교과교습학원,"{'수학', '초등'}",127.06722820000002,37.16824708
학교교과교습학원,{'영어'},127.05836880000001,37.17041407
학교교과교습학원,{'피아노'},127.0533368,37.17194809
학교교과교습학원,"{'수학', '등부'}",127.0585619,37.17266658
학교교과교습학원,{'영어'},127.05836880000001,37.17041407
학교교과교습학원,"{'영어', '초등'}",127.06588959999999,37.16977958
학교교과교습학원,"{'다인', '실', '개월'}",127.0659457,37.16955429
학교교과교습학원,{'기초'},127.056614,37.17274858
학교교과교습학원,"{'수학', '초'}",127.065394,37.16947348
학교교과교습학원,"{'체르니', '피아노'}",127.0659457,37.16955429
학교교과교습학원,"{'실용', '댄스'}",127.05922520000001,37.17125163
학교교과교습학원,"{'유치부', '미술', '일'}",127.06353200000001,37.16430246
학교교과교습학원,"{'수학', '초등'}",127.06722820000002,37.16824708
학교교과교습학원,"{'초', '영어'}",127.065394,37.16947348
학교교과교습학원,{'체르니'},127.056614,37.17274858
학교교과교습학원,"{'체르니', '피아노'}",127.0659457,37.16955429
학교교과교습학원,"{'수학', '초'}",127.0668905,37.16839143
학교교과교습학원,{'영어'},127.065394,37.16947348
학교교과교습학원,{'피아노'},127.065394,37.16947348
학교교과교습학원,"{'체르니', '피아노'}",127.0659457,37.16955429
학교교과교습학원,"{'수학', '초등'}",127.05864050000001,37.17236019
학교교과교습학원,"{'작곡', '보컬'}",127.05864050000001,37.17236019
학교교과교습학원,"{'수학', '초등'}",127.065395,37.17075296
학교교과교습학원,"{'고급', '피아노'}",127.0693646,37.16505621
학교교과교습학원,"{'수학', '초등'}",127.0659457,37.16955429
학교교과교습학원,"{'초', '미술', '등부', '일'}",127.06353200000001,37.16430246
학교교과교습학원,"{'초', '미술', '등부', '일'}",127.06353200000001,37.16430246
학교교과교습학원,{'초등'},127.0681378,37.16544434
교습소,{'보습'},127.02972220000001,37.19547298
학교교과교습학원,{'플룻'},127.0344304,37.1958052
학교교과교습학원,"{'종합', '초등'}",127.0233925,37.19635726
학교교과교습학원,"{'과학', '실험', '초등'}",127.0233925,37.19635726
학교교과교습학원,"{'상급', '초', '영어', '중등'}",127.0301727,37.19536475
학교교과교습학원,"{'영어', '급', '초등'}",127.0301727,37.19536475
학교교과교습학원,"{'주', '회', '중'}",127.0301727,37.19536475
학교교과교습학원,"{'고급', '피아노'}",127.0301727,37.19536475
학교교과교습학원,"{'초', '피아노'}",127.02972220000001,37.19547298
학교교과교습학원,"{'고급', '미술'}",127.02972220000001,37.19547298
학교교과교습학원,{'바이올린'},127.0344304,37.1958052
학교교과교습학원,"{'초', '등국'}",127.0233925,37.19635726
학교교과교습학원,"{'단소', '리코더', '오카리나'}",127.02972220000001,37.19547298
학교교과교습학원,"{'수학', '초등'}",127.0344304,37.1958052
학교교과교습학원,"{'수학', '초등'}",127.0301727,37.19536475
학교교과교습학원,"{'수학', '초등'}",127.02992490000001,37.195355799999994
학교교과교습학원,"{'고급', '입시', '피아노'}",127.0344304,37.1958052
학교교과교습학원,"{'종합', '초등'}",127.0301727,37.19536475
학교교과교습학원,"{'고급', '미술'}",127.02972220000001,37.19547298
학교교과교습학원,"{'주', '회', '중'}",127.0301727,37.19536475
학교교과교습학원,"{'기초', '주', '회'}",127.0301727,37.19536475
학교교과교습학원,"{'주', '고급', '회'}",127.0301727,37.19536475
학교교과교습학원,"{'등기', '초', '영어'}",127.0301727,37.19536475
학교교과교습학원,{'드럼'},127.0344304,37.1958052
학교교과교습학원,"{'종합', '초등'}",127.0233925,37.19635726
학교교과교습학원,"{'영어', '초등'}",127.0344304,37.1958052
학교교과교습학원,"{'수학', '초등'}",127.0233925,37.19635726
학교교과교습학원,"{'중', '피아노'}",127.02972220000001,37.19547298
학교교과교습학원,"{'바이올린', '기타', '플릇', '성악'}",127.02972220000001,37.19547298
학교교과교습학원,"{'초', '피아노'}",127.0344304,37.1958052
학교교과교습학원,{'우쿨렐레'},127.0344304,37.1958052
학교교과교습학원,"{'급', '피아노'}",127.0344304,37.1958052
학교교과교습학원,"{'중', '피아노'}",127.0301727,37.19536475
학교교과교습학원,"{'논술', '초등'}",127.0233925,37.19635726
학교교과교습학원,"{'고급', '피아노'}",127.02972220000001,37.19547298
학교교과교습학원,"{'수학', '심화', '초등'}",127.0233925,37.19635726
학교교과교습학원,"{'영어', '초등'}",127.0233925,37.19635726
학교교과교습학원,"{'주', '고급', '회'}",127.0301727,37.19536475
학교교과교습학원,"{'초', '피아노'}",127.0301727,37.19536475
학교교과교습학원,"{'취미', '미술', '부'}",127.0760037,37.14964442
학교교과교습학원,{'초'},127.0755528,37.14895089
학교교과교습학원,"{'토익', '일반'}",127.07480990000002,37.14897837
학교교과교습학원,"{'상', '중', '피아노'}",127.07475430000001,37.14967221
학교교과교습학원,"{'심화', '피아노'}",127.06569280000001,37.14958726
학교교과교습학원,"{'급', '피아노'}",127.07796869999999,37.15613973
학교교과교습학원,"{'영어', '초등'}",127.0747201,37.14925775
학교교과교습학원,"{'초', '국어', '영역', '중'}",127.0781716,37.15641893
학교교과교습학원,{'고급'},127.07844250000001,37.15711256
학교교과교습학원,"{'초', '중', '해피', '톡'}",127.0781716,37.15641893
학교교과교습학원,"{'공부', '사회', '중', '와락', '초'}",127.0781716,37.15641893
학교교과교습학원,"{'학년', '초등'}",127.074248,37.14995184
학교교과교습학원,{'오르프'},127.07428229999998,37.15058256
학교교과교습학원,"{'등', '전과', '목초'}",127.06599779999999,37.15086658
학교교과교습학원,"{'피치', '유치', '스', '독서'}",127.07428229999998,37.15058256
학교교과교습학원,"{'영어', '초등'}",127.0700267,37.14981014
학교교과교습학원,{'기타'},127.0760037,37.14964442
학교교과교습학원,{'체르니'},127.0760037,37.14964442
학교교과교습학원,"{'영어', '초등'}",127.074248,37.14995184
학교교과교습학원,{'초'},127.07475430000001,37.14967221
학교교과교습학원,"{'초', '고급', '중'}",127.07475430000001,37.14967221
학교교과교습학원,"{'반', '심화'}",127.07475430000001,37.14967221
학교교과교습학원,"{'초', '피아노'}",127.07796869999999,37.15613973
학교교과교습학원,{'강좌'},127.07475430000001,37.14967221
학교교과교습학원,"{'심화', '피아노'}",127.06569280000001,37.14958726
학교교과교습학원,"{'수학', '초', '고', '중'}",127.0781716,37.15641893
교습소,{'보습'},127.0693097,37.15372109
교습소,{'음악'},127.0716716,37.15139504
교습소,{'미술'},127.07428229999998,37.15058256
교습소,{'미술'},127.07428229999998,37.15058256
교습소,{'음악'},127.0684193,37.15241507
교습소,{'음악'},127.07308959999999,37.15111489
교습소,{'기계'},127.064916,37.14950657
교습소,{'음악'},127.06766940000001,37.14430606
교습소,{'음악'},127.0711994,37.15208912
학교교과교습학원,{'일반'},127.06995149999999,37.15391896
학교교과교습학원,"{'드럼', '기타', '보컬', '자곡'}",127.07796869999999,37.15613973
학교교과교습학원,"{'수학', '초', '중고'}",127.0747201,37.14925775
학교교과교습학원,{'중'},127.0699969,37.15436044
학교교과교습학원,"{'작품', '피아노'}",127.06569280000001,37.14958726
학교교과교습학원,"{'입시', '피아노'}",127.06569280000001,37.14958726
학교교과교습학원,"{'기타', '입문'}",127.06569280000001,37.14958726
학교교과교습학원,"{'천연', '향초'}",127.07330320000001,37.15072731
학교교과교습학원,"{'수학', '초', '영어', '등심'}",127.07428290000001,37.15116824
학교교과교습학원,"{'영어', '초등'}",127.0747201,37.14925775
학교교과교습학원,"{'영어', '초등'}",127.0747201,37.14925775
학교교과교습학원,"{'플러스', '중', '온', '초', '과학'}",127.0781716,37.15641893
학교교과교습학원,"{'공부', '중', '수학', '와락', '초'}",127.0781716,37.15641893
학교교과교습학원,{'영어'},127.06599779999999,37.15086658
학교교과교습학원,"{'종합', '초등'}",127.06599779999999,37.15086658
학교교과교습학원,"{'수학', '초등'}",127.07475430000001,37.14967221
학교교과교습학원,"{'냅킨', '아트'}",127.07330320000001,37.15072731
학교교과교습학원,{'목공'},127.07330320000001,37.15072731
학교교과교습학원,"{'초', '음악'}",127.06942240000002,37.15391926
학교교과교습학원,"{'보습', '초등'}",127.06942240000002,37.15391926
학교교과교습학원,"{'작품', '피아노'}",127.06569280000001,37.14958726
학교교과교습학원,"{'초', '중'}",127.07475430000001,37.14967221
학교교과교습학원,"{'급', '피아노'}",127.0767193,37.15628469
학교교과교습학원,"{'한자', '초등'}",127.0782506,37.156527000000004
학교교과교습학원,"{'초', '등교', '영어'}",127.0782506,37.156527000000004
학교교과교습학원,"{'미술', '초등'}",127.0760037,37.14964442
학교교과교습학원,"{'영어', '초등'}",127.0747201,37.14925775
학교교과교습학원,"{'수학', '영어', '과학'}",127.07796869999999,37.15613973
학교교과교습학원,"{'수학', '스쿨', '초등'}",127.0781716,37.15641893
학교교과교습학원,"{'영어', '공부', '중', '와락', '초'}",127.0781716,37.15641893
학교교과교습학원,"{'수학', '초등'}",127.074304,37.14964545
학교교과교습학원,"{'회화', '영어', '일반'}",127.07480990000002,37.14897837
학교교과교습학원,"{'수학', '초등'}",127.07480990000002,37.14897837
학교교과교습학원,"{'째즈', '피아노'}",127.0760037,37.14964442
학교교과교습학원,{'영어'},127.06599779999999,37.15086658
학교교과교습학원,{'종합'},127.06599779999999,37.15086658
학교교과교습학원,{'고급'},127.07428229999998,37.15058256
학교교과교습학원,"{'고급', '음'}",127.06942240000002,37.15391926
학교교과교습학원,"{'다인', '실'}",127.0640831,37.14956107
학교교과교습학원,"{'피아노', '중'}",127.07475430000001,37.14967221
학교교과교습학원,"{'공부', '중', '와락', '초', '과학'}",127.0781716,37.15641893
학교교과교습학원,"{'초', '국어', '중'}",127.0781716,37.15641893
학교교과교습학원,"{'초', '영어', '고', '중'}",127.0781716,37.15641893
학교교과교습학원,"{'사회', '수학', '국어', '초등', '학년', '과학'}",127.074248,37.14995184
학교교과교습학원,"{'수학', '초등'}",127.074248,37.14995184
학교교과교습학원,{'중'},127.07428229999998,37.15058256
학교교과교습학원,"{'대회', '입시', '반', '및'}",127.0760037,37.14964442
학교교과교습학원,"{'고급', '피아노'}",127.07796869999999,37.15613973
학교교과교습학원,{'중'},127.0755528,37.14895089
학교교과교습학원,"{'고급', '피아노'}",127.07796869999999,37.15613973
학교교과교습학원,{'공예'},127.07330320000001,37.15072731
학교교과교습학원,{'권'},127.07475430000001,37.14967221
학교교과교습학원,"{'수학', '스쿨', '초등'}",127.0781716,37.15641893
학교교과교습학원,"{'회화', '일어', '일반'}",127.07480990000002,37.14897837
학교교과교습학원,{'드럼'},127.07428229999998,37.15058256
학교교과교습학원,"{'마스터', '한글', '초등'}",127.0782506,37.156527000000004
학교교과교습학원,"{'수학', '초등'}",127.0742476,37.14950132
학교교과교습학원,"{'수학', '초등'}",127.0700267,37.14981014
학교교과교습학원,"{'초', '피아노'}",127.07428229999998,37.15058256
학교교과교습학원,{'초'},127.07428229999998,37.15058256
학교교과교습학원,"{'영어', '초등'}",127.07475430000001,37.14967221
학교교과교습학원,"{'초', '피아노'}",127.07796869999999,37.15613973
학교교과교습학원,"{'클레이', '아트'}",127.07330320000001,37.15072731
학교교과교습학원,"{'초', '미술'}",127.07844250000001,37.15711256
학교교과교습학원,{'피아노'},127.06569280000001,37.14958726
학교교과교습학원,"{'기초', '기타'}",127.06569280000001,37.14958726
학교교과교습학원,{'월권'},127.07475430000001,37.14967221
학교교과교습학원,"{'수학', '초', '영어', '등기'}",127.07428290000001,37.15116824
학교교과교습학원,"{'사', '국', '과', '초등', '수'}",127.0782506,37.156527000000004
학교교과교습학원,"{'사회', '플러스', '중', '온', '초'}",127.0781716,37.15641893
학교교과교습학원,{'중'},127.07475430000001,37.14967221
학교교과교습학원,{'영어'},127.07796869999999,37.15613973
학교교과교습학원,"{'초', '고', '한자', '중'}",127.0781716,37.15641893
학교교과교습학원,"{'초', '중', '해피', '톡'}",127.0781716,37.15641893
학교교과교습학원,"{'공부', '중', '수학', '와락', '초'}",127.0781716,37.15641893
학교교과교습학원,"{'창의력', '수학', '초등'}",127.0782506,37.156527000000004
학교교과교습학원,{'고급'},127.07475430000001,37.14967221
학교교과교습학원,{'독서'},127.0776988,37.15633813
학교교과교습학원,{'초'},127.0699969,37.15436044
학교교과교습학원,{'고급'},127.0699969,37.15436044
학교교과교습학원,"{'상', '중'}",127.07475430000001,37.14967221
학교교과교습학원,"{'기초', '피아노'}",127.0767193,37.15628469
학교교과교습학원,"{'고급', '피아노'}",127.0767193,37.15628469
학교교과교습학원,"{'초', '한국사', '중'}",127.0781716,37.15641893
학교교과교습학원,"{'중', '독서', '국어', '창의', '초'}",127.0781716,37.15641893
학교교과교습학원,"{'아이', '영어', '중', '리스닝', '초'}",127.0781716,37.15641893
학교교과교습학원,"{'영어', '공부', '중', '와락', '단', '초'}",127.0781716,37.15641893
학교교과교습학원,"{'종합', '고'}",127.07475430000001,37.14967221
학교교과교습학원,{'플릇'},127.07428229999998,37.15058256
학교교과교습학원,"{'영어', '원어민'}",127.074248,37.14995184
학교교과교습학원,"{'그래픽', '일반'}",127.06995149999999,37.15391896
학교교과교습학원,{'중'},127.07844250000001,37.15711256
학교교과교습학원,"{'바이엘', '피아노'}",127.06569280000001,37.14958726
학교교과교습학원,"{'체르니', '피아노'}",127.06569280000001,37.14958726
학교교과교습학원,"{'입시', '피아노'}",127.06569280000001,37.14958726
학교교과교습학원,"{'기타', '중'}",127.06569280000001,37.14958726
학교교과교습학원,"{'종합', '고'}",127.07475430000001,37.14967221
학교교과교습학원,{'일'},127.07428290000001,37.15116824
학교교과교습학원,"{'사고력', '초', '수학', '중'}",127.0781716,37.15641893
학교교과교습학원,"{'중', '독서', '국어', '창의', '초'}",127.0781716,37.15641893
학교교과교습학원,"{'이그', '영어', '중', '머', '초'}",127.0781716,37.15641893
학교교과교습학원,"{'아이', '영어', '중', '레벨', '고', '초'}",127.0781716,37.15641893
학교교과교습학원,{'피아노'},127.07428229999998,37.15058256
학교교과교습학원,{'영어'},127.06599779999999,37.15086658
학교교과교습학원,{'종합'},127.06599779999999,37.15086658
학교교과교습학원,"{'급', '피아노'}",127.07428229999998,37.15058256
학교교과교습학원,{'영어'},127.074248,37.14995184
학교교과교습학원,{'바이엘'},127.0760037,37.14964442
학교교과교습학원,{'체르니'},127.0760037,37.14964442
학교교과교습학원,{'캘리그라피'},127.07330320000001,37.15072731
학교교과교습학원,"{'부초', '유치', '피아노'}",127.07475430000001,37.14967221
학교교과교습학원,set(),127.0640831,37.14956107
학교교과교습학원,{'강좌'},127.07475430000001,37.14967221
학교교과교습학원,{'교단'},127.07475430000001,37.14967221
학교교과교습학원,"{'마스터', '초', '등수'}",127.0782506,37.156527000000004
학교교과교습학원,"{'국', '슬', '바', '초등', '즐', '수'}",127.0782506,37.156527000000004
학교교과교습학원,"{'초', '사과', '중단', '국영수'}",127.07600349999998,37.14941916
학교교과교습학원,"{'초', '사과', '등단', '국영수'}",127.07600349999998,37.14941916
학교교과교습학원,{'개월'},127.07428290000001,37.15116824
학교교과교습학원,"{'영어', '공부', '중', '와락', '초'}",127.0781716,37.15641893
학교교과교습학원,"{'사과', '등단', '국영수'}",127.07600349999998,37.14941916
학교교과교습학원,"{'초', '역사', '사회', '중'}",127.0781716,37.15641893
학교교과교습학원,"{'학년', '초등'}",127.074248,37.14995184
학교교과교습학원,"{'천연', '비누', '화장품'}",127.07330320000001,37.15072731
학교교과교습학원,"{'고급', '피아노'}",127.07475430000001,37.14967221
학교교과교습학원,{'유치부'},127.07475430000001,37.14967221
학교교과교습학원,{'중'},127.07475430000001,37.14967221
학교교과교습학원,"{'체르니', '피아노'}",127.06569280000001,37.14958726
학교교과교습학원,"{'강좌', '입', '시반'}",127.07475430000001,37.14967221
학교교과교습학원,"{'사고력', '수학', '초등'}",127.0782506,37.156527000000004
학교교과교습학원,"{'공부', '중', '국어', '와락', '초'}",127.0781716,37.15641893
학교교과교습학원,"{'수학', '영어', '초등'}",127.0755528,37.14895089
학교교과교습학원,"{'영어', '초등'}",127.07480990000002,37.14897837
학교교과교습학원,"{'미술', '입시'}",127.0699969,37.15436044
학교교과교습학원,{'종합'},127.06599779999999,37.15086658
학교교과교습학원,"{'국수', '사과', '초등'}",127.0700267,37.14981014
학교교과교습학원,{'종이접기'},127.07330320000001,37.15072731
학교교과교습학원,"{'사', '과', '국', '수'}",127.07796869999999,37.15613973
학교교과교습학원,"{'영어', '체험', '파닉스'}",127.074248,37.14995184
학교교과교습학원,"{'리본', '아트'}",127.07330320000001,37.15072731
학교교과교습학원,"{'급', '음악'}",127.06942240000002,37.15391926
학교교과교습학원,"{'사', '국', '역사', '과', '초', '중등'}",127.07428290000001,37.15116824
학교교과교습학원,"{'유치부', '유아', '미술'}",127.0760037,37.14964442
학교교과교습학원,"{'유치부', '영어'}",127.0747201,37.14925775
학교교과교습학원,"{'공부', '중', '국어', '와락', '초'}",127.0781716,37.15641893
학교교과교습학원,{'드럼'},127.0760037,37.14964442
학교교과교습학원,"{'영어', '초등'}",127.06599779999999,37.15086658
학교교과교습학원,"{'고급', '피아노'}",127.07428229999998,37.15058256
학교교과교습학원,{'드럼'},127.07428229999998,37.15058256
학교교과교습학원,"{'초등', '피치', '스', '독서'}",127.07428229999998,37.15058256
학교교과교습학원,"{'중', '피아노'}",127.07796869999999,37.15613973
학교교과교습학원,{'체르니'},127.0760037,37.14964442
학교교과교습학원,{'고급'},127.0755528,37.14895089
학교교과교습학원,"{'바이올린', '플룻'}",127.07796869999999,37.15613973
학교교과교습학원,{'유치부'},127.0699969,37.15436044
학교교과교습학원,{'영어'},127.0776988,37.15633813
학교교과교습학원,"{'반', '심화'}",127.07475430000001,37.14967221
학교교과교습학원,"{'종합', '고'}",127.07475430000001,37.14967221
학교교과교습학원,"{'수학', '영어', '기본', '초등'}",127.07428290000001,37.15116824
학교교과교습학원,"{'수학', '계산', '초등'}",127.0782506,37.156527000000004
학교교과교습학원,"{'수학', '초', '고', '중'}",127.0781716,37.15641893
학교교과교습학원,"{'초', '피아노'}",127.0602811,37.19772372
학교교과교습학원,"{'영어', '초등'}",127.0648643,37.19652303
학교교과교습학원,"{'영어', '미술', '피아노'}",127.0602811,37.19772372
학교교과교습학원,{'미술'},127.0602811,37.19772372
학교교과교습학원,"{'영어', '종일', '각', '바이올린', '수학', '논술', '시간', '초등', '피아노'}",127.0602811,37.19772372
학교교과교습학원,"{'중', '피아노'}",127.0602811,37.19772372
학교교과교습학원,{'영어'},127.0602811,37.19772372
학교교과교습학원,{'바이올린'},127.0602811,37.19772372
학교교과교습학원,{'첼로'},127.0602811,37.19772372
학교교과교습학원,"{'영어', '초등'}",127.0602467,37.19702093
학교교과교습학원,{'영어'},127.0602811,37.19772372
학교교과교습학원,"{'고급', '피아노'}",127.0602811,37.19772372
학교교과교습학원,"{'유아', '영어'}",127.0602467,37.19702093
학교교과교습학원,"{'영어', '종합', '바이올린', '수학', '시간', '피아노'}",127.0602811,37.19772372
학교교과교습학원,"{'영어', '종합', '바이올린', '시간', '한글', '피아노'}",127.0602811,37.19772372
학교교과교습학원,"{'영어', '초등'}",127.0648643,37.19652303
학교교과교습학원,"{'영어', '초등'}",127.0648643,37.19652303
학교교과교습학원,"{'보충', '특강', '모의고사'}",127.07472879999999,37.14650054
학교교과교습학원,"{'수학', '영어', '재원', '등심'}",127.07039070000002,37.14139415
학교교과교습학원,"{'보컬', '연기', '중고생'}",127.0738632,37.14769946
학교교과교습학원,"{'수학', '초등'}",127.07039070000002,37.14139415
학교교과교습학원,"{'그래픽', '일반'}",127.0714997,37.1480883
학교교과교습학원,"{'미술', '초등'}",127.0758318,37.14647284
학교교과교습학원,"{'초', '영어', '특강', '고등'}",127.07472879999999,37.14650054
학교교과교습학원,"{'스파르타', '보충'}",127.07472879999999,37.14650054
학교교과교습학원,"{'기타', '입시', '전문'}",127.07641670000001,37.14600393
학교교과교습학원,"{'미술', '회', '초등'}",127.0751358,37.14841953
학교교과교습학원,"{'뉴스', '연기'}",127.0738632,37.14769946
학교교과교습학원,"{'컴활', '워드'}",127.07472879999999,37.14650054
학교교과교습학원,"{'고', '일반'}",127.07472879999999,37.14650054
학교교과교습학원,{'드럼'},127.07174769999999,37.13603213
학교교과교습학원,"{'수학', '기본', '초등'}",127.0698617,37.14139445
학교교과교습학원,"{'국어', '스쿨'}",127.07267250000001,37.13811302
학교교과교습학원,"{'똑똑', '한글'}",127.07267250000001,37.13811302
학교교과교습학원,{'써밋초등'},127.07267250000001,37.13811302
학교교과교습학원,"{'영어', '초등'}",127.0698617,37.14139445
학교교과교습학원,{'바이엘'},127.0726729,37.13856354
학교교과교습학원,"{'고급', '입시', '피아노'}",127.07597759999999,37.14595014
학교교과교습학원,"{'작곡', '입시'}",127.07641670000001,37.14600393
학교교과교습학원,"{'국어', '원격'}",127.0690288,37.14139492
학교교과교습학원,{'바이올린'},127.08249579999999,37.13622364
학교교과교습학원,"{'종합', '초등'}",127.07483559999999,37.14044544
학교교과교습학원,{'과학'},127.07267250000001,37.13811302
학교교과교습학원,"{'해피', '톡'}",127.07267250000001,37.13811302
학교교과교습학원,"{'국어', '와락'}",127.07267250000001,37.13811302
학교교과교습학원,"{'수학', '영어', '재원', '등심'}",127.07039070000002,37.14139415
학교교과교습학원,{'일반'},127.07472879999999,37.14650054
학교교과교습학원,{'체르니'},127.070508,37.13416768
학교교과교습학원,"{'드럼', '취미'}",127.07641670000001,37.14600393
학교교과교습학원,{'영어'},127.08658870000001,37.14300571
학교교과교습학원,"{'영어', '고급'}",127.0695578,37.14136759
학교교과교습학원,"{'비', '재원', '생'}",127.0737774,37.14020279
학교교과교습학원,"{'특강', '종합', '초등'}",127.07472879999999,37.14650054
학교교과교습학원,"{'월반', '개'}",127.07039070000002,37.14139415
학교교과교습학원,"{'영어', '급', '초등'}",127.074867,37.13794952
학교교과교습학원,"{'회반', '주'}",127.0726729,37.13856354
학교교과교습학원,"{'초', '영어'}",127.07641670000001,37.14600393
학교교과교습학원,{'반실'},127.07039070000002,37.14139415
학교교과교습학원,"{'초', '특강', '일'}",127.07225259999998,37.13433787
학교교과교습학원,{'등부'},127.07230859999999,37.13400445
학교교과교습학원,"{'국어', '스쿨'}",127.07267250000001,37.13811302
학교교과교습학원,"{'수학', '아벨', '필즈', '초등'}",127.0737774,37.14020279
학교교과교습학원,{'영어'},127.07267250000001,37.13811302
학교교과교습학원,"{'똑똑', '놀이'}",127.07267250000001,37.13811302
학교교과교습학원,"{'위니', '매'}",127.0754716,37.14647306
학교교과교습학원,"{'수학', '초등'}",127.0706121,37.13725822
학교교과교습학원,"{'영어', '초등'}",127.0698617,37.14139445
학교교과교습학원,{'초등'},127.07308940000001,37.13861736
학교교과교습학원,{'한자'},127.07267250000001,37.13811302
학교교과교습학원,"{'국어', '와락'}",127.07267250000001,37.13811302
학교교과교습학원,"{'초등', '사과', '국영수'}",127.07039070000002,37.14139415
학교교과교습학원,"{'영어', '고급', '초등'}",127.0706121,37.13725822
학교교과교습학원,"{'종합', '초등'}",127.07383200000001,37.13841868
학교교과교습학원,{'일반'},127.0714997,37.1480883
학교교과교습학원,"{'영어', '중'}",127.07383200000001,37.13841868
학교교과교습학원,"{'수학', '초등'}",127.08249579999999,37.13622364
학교교과교습학원,"{'우크렐레', '중'}",127.07597759999999,37.14595014
학교교과교습학원,{'작곡'},127.07641670000001,37.14600393
학교교과교습학원,"{'수학', '영어', '특강', '초등'}",127.07472879999999,37.14650054
학교교과교습학원,"{'영어', '초등'}",127.07483559999999,37.14044544
학교교과교습학원,"{'집중', '특강', '모의고사'}",127.07472879999999,37.14650054
학교교과교습학원,"{'심화', '입시', '피아노'}",127.07641670000001,37.14600393
학교교과교습학원,"{'기타', '입시', '심화'}",127.07641670000001,37.14600393
학교교과교습학원,{'독서'},127.07267250000001,37.13811302
학교교과교습학원,"{'초', '영어', '원어민'}",127.07383200000001,37.13841868
학교교과교습학원,{'과학'},127.0695578,37.14136759
학교교과교습학원,"{'컴활', '워드', '일반'}",127.07472879999999,37.14650054
학교교과교습학원,"{'영어', '일', '초등'}",127.0737774,37.14020279
학교교과교습학원,"{'영어', '중'}",127.07641670000001,37.14600393
학교교과교습학원,"{'초등', '사과', '국영수'}",127.0690288,37.14139492
학교교과교습학원,"{'영어', '초등'}",127.0706121,37.13725822
학교교과교습학원,{'다독'},127.0706121,37.13725822
학교교과교습학원,"{'입시', '피아노'}",127.0701081,37.14008779
학교교과교습학원,{'기타'},127.07597759999999,37.14595014
학교교과교습학원,"{'영어', '일', '초등'}",127.0737774,37.14020279
학교교과교습학원,{'화성학'},127.07641670000001,37.14600393
학교교과교습학원,"{'초', '중고', '그래픽'}",127.0714997,37.1480883
학교교과교습학원,"{'수학', '종합', '중'}",127.07383200000001,37.13841868
학교교과교습학원,{'한자'},127.0758318,37.14647284
학교교과교습학원,"{'취미', '기본', '피아노'}",127.07641670000001,37.14600393
학교교과교습학원,"{'수학', '영어', '초등'}",127.07472879999999,37.14650054
학교교과교습학원,"{'수학', '초', '등부'}",127.0754716,37.14647306
학교교과교습학원,"{'수학', '영어', '등부'}",127.0754716,37.14647306
학교교과교습학원,{'이용권'},127.0754716,37.14647306
학교교과교습학원,"{'수학', '중'}",127.07641670000001,37.14600393
학교교과교습학원,"{'수학', '초등'}",127.07641670000001,37.14600393
학교교과교습학원,"{'초', '중고'}",127.07472879999999,37.14650054
학교교과교습학원,"{'등', '전과', '목초'}",127.0758318,37.14647284
학교교과교습학원,"{'해피', '톡'}",127.07267250000001,37.13811302
학교교과교습학원,{'일본어'},127.07267250000001,37.13811302
학교교과교습학원,"{'수학', '와락'}",127.07267250000001,37.13811302
학교교과교습학원,"{'와락', '과학'}",127.07267250000001,37.13811302
학교교과교습학원,"{'수학', '초등'}",127.0737774,37.14020279
학교교과교습학원,"{'수학', '초등'}",127.07039070000002,37.14139415
학교교과교습학원,"{'수학', '초등'}",127.0690288,37.14139492
학교교과교습학원,"{'영어', '원격'}",127.0690288,37.14139492
학교교과교습학원,"{'영어', '초등'}",127.08249579999999,37.13622364
학교교과교습학원,"{'수학', '가우스', '일', '초등'}",127.0737774,37.14020279
학교교과교습학원,{'우쿨렐레'},127.07597759999999,37.14595014
학교교과교습학원,"{'전문', '입시', '보컬', '오디션'}",127.07641670000001,37.14600393
학교교과교습학원,"{'영어', '급'}",127.0695578,37.14136759
학교교과교습학원,"{'수학', '초등'}",127.0759455,37.14767116
학교교과교습학원,"{'급', '피아노'}",127.070508,37.13416768
학교교과교습학원,"{'고급', '어린이', '피아노'}",127.07641670000001,37.14600393
학교교과교습학원,"{'미술', '회', '초등'}",127.0751358,37.14841953
학교교과교습학원,"{'국', '영', '과', '초', '등단', '수'}",127.0758318,37.14647284
학교교과교습학원,"{'등기', '초', '영어'}",127.074867,37.13794952
학교교과교습학원,"{'초', '영어', '등고'}",127.074867,37.13794952
학교교과교습학원,"{'수학', '가우스', '초둥', '일'}",127.0737774,37.14020279
학교교과교습학원,{'개인실'},127.07039070000002,37.14139415
학교교과교습학원,"{'수학', '초'}",127.07641670000001,37.14600393
학교교과교습학원,"{'이용권', '월'}",127.0754716,37.14647306
학교교과교습학원,"{'수학', '영어', '초등'}",127.0759455,37.14767116
학교교과교습학원,{'한자'},127.07267250000001,37.13811302
학교교과교습학원,{'문법'},127.07267250000001,37.13811302
학교교과교습학원,{'똑똑'},127.07267250000001,37.13811302
학교교과교습학원,"{'와락', '사회'}",127.07267250000001,37.13811302
학교교과교습학원,"{'연합', '초등'}",127.0737774,37.14020279
학교교과교습학원,"{'영어', '초등'}",127.07039070000002,37.14139415
학교교과교습학원,"{'수학', '초등'}",127.0758318,37.14647284
학교교과교습학원,"{'수학', '스쿨'}",127.07267250000001,37.13811302
학교교과교습학원,"{'등부', '단'}",127.07230859999999,37.13400445
학교교과교습학원,"{'초', '피아노'}",127.07597759999999,37.14595014
학교교과교습학원,"{'초', '피아노'}",127.08249579999999,37.13622364
학교교과교습학원,"{'수학', '종합', '중'}",127.07383200000001,37.13841868
학교교과교습학원,"{'수학', '특강', '중'}",127.07383200000001,37.13841868
학교교과교습학원,"{'바이엘', '피아노'}",127.070508,37.13416768
학교교과교습학원,"{'영어', '초등'}",127.0695578,37.14136759
학교교과교습학원,{'영어'},127.08658870000001,37.14300571
학교교과교습학원,"{'중', '피아노'}",127.0708332,37.13277988
학교교과교습학원,{'개월'},127.0754716,37.14647306
학교교과교습학원,"{'보컬', '연기', '재수', '고', '무용'}",127.0738632,37.14769946
학교교과교습학원,{'영어'},127.07039070000002,37.14139415
학교교과교습학원,"{'영어', '초등'}",127.07039070000002,37.14139415
학교교과교습학원,{'기타'},127.07174769999999,37.13603213
학교교과교습학원,"{'인석', '특'}",127.07039070000002,37.14139415
학교교과교습학원,"{'초', '어린이', '피아노'}",127.07641670000001,37.14600393
학교교과교습학원,{'일'},127.07039070000002,37.14139415
학교교과교습학원,{'일'},127.0754716,37.14647306
학교교과교습학원,"{'영어', '초등'}",127.0698617,37.14139445
학교교과교습학원,{'중'},127.0706121,37.13725822
학교교과교습학원,"{'피아노', '초등'}",127.08658870000001,37.14300571
학교교과교습학원,{'수학'},127.07267250000001,37.13811302
학교교과교습학원,"{'종합', '초등'}",127.07174769999999,37.13603213
학교교과교습학원,"{'웹디자인', '그래픽', '일반'}",127.07472879999999,37.14650054
학교교과교습학원,{'듣기'},127.07267250000001,37.13811302
학교교과교습학원,"{'수학', '똑똑'}",127.07267250000001,37.13811302
학교교과교습학원,"{'똑똑', '한자'}",127.07267250000001,37.13811302
학교교과교습학원,{'한국사'},127.07267250000001,37.13811302
학교교과교습학원,"{'수학', '초등'}",127.0695578,37.14136759
학교교과교습학원,{'플룻'},127.0701081,37.14008779
학교교과교습학원,"{'국수', '사과', '초등'}",127.08249579999999,37.13622364
학교교과교습학원,{'영어'},127.08658870000001,37.14300571
학교교과교습학원,{'영어'},127.08658870000001,37.14300571
학교교과교습학원,"{'수학', '초등'}",127.0695578,37.14136759
학교교과교습학원,"{'취미', '심화', '피아노'}",127.07641670000001,37.14600393
학교교과교습학원,"{'고급', '피아노'}",127.0701081,37.14008779
학교교과교습학원,"{'재원', '종합', '반', '생'}",127.0737774,37.14020279
학교교과교습학원,"{'특강', '종합', '초등'}",127.07472879999999,37.14650054
학교교과교습학원,{'개월'},127.07039070000002,37.14139415
학교교과교습학원,{'영어'},127.08658870000001,37.14300571
학교교과교습학원,"{'중국어', '초'}",127.0758318,37.14647284
학교교과교습학원,"{'취미', '기타', '기본'}",127.07641670000001,37.14600393
학교교과교습학원,"{'드럼', '전문', '입시'}",127.07641670000001,37.14600393
학교교과교습학원,"{'취미', '보컬', '심화'}",127.07641670000001,37.14600393
학교교과교습학원,"{'회반', '주'}",127.0726729,37.13856354
학교교과교습학원,{'초'},127.0706121,37.13725822
학교교과교습학원,{'이용권'},127.0754716,37.14647306
학교교과교습학원,{'매'},127.0754716,37.14647306
학교교과교습학원,"{'급', '피아노'}",127.0701081,37.14008779
학교교과교습학원,"{'영어', '초등'}",127.07641670000001,37.14600393
학교교과교습학원,"{'영어', '심화'}",127.07230859999999,37.13400445
학교교과교습학원,"{'국어', '등부', '단'}",127.07230859999999,37.13400445
학교교과교습학원,{'체르니'},127.0726729,37.13856354
학교교과교습학원,"{'초', '우크렐레'}",127.07597759999999,37.14595014
학교교과교습학원,{'드럼'},127.07597759999999,37.14595014
학교교과교습학원,"{'수학', '아벨', '필즈', '초등'}",127.0737774,37.14020279
학교교과교습학원,{'영어'},127.07039070000002,37.14139415
학교교과교습학원,"{'입시', '보컬', '심화'}",127.07641670000001,37.14600393
학교교과교습학원,"{'다인', '학생', '실'}",127.07477560000001,37.14841975
학교교과교습학원,"{'영어', '중'}",127.07383200000001,37.13841868
학교교과교습학원,"{'유치부', '단'}",127.0726729,37.13856354
학교교과교습학원,"{'종합', '초등'}",127.07383200000001,37.13841868
학교교과교습학원,{'독서'},127.07267250000001,37.13811302
학교교과교습학원,"{'기초', '피아노'}",127.0701081,37.14008779
학교교과교습학원,"{'영어', '중'}",127.07383200000001,37.13841868
학교교과교습학원,"{'보충', '초', '영어', '고등'}",127.07472879999999,37.14650054
학교교과교습학원,"{'중국어', '중'}",127.0758318,37.14647284
학교교과교습학원,"{'전문', '입시', '피아노'}",127.07641670000001,37.14600393
학교교과교습학원,"{'취미', '기본', '보컬'}",127.07641670000001,37.14600393
학교교과교습학원,"{'수학', '영어', '초등'}",127.0759455,37.14767116
학교교과교습학원,"{'국', '중', '영', '과', '등단', '수'}",127.0758318,37.14647284
학교교과교습학원,"{'회반', '주'}",127.0726729,37.13856354
학교교과교습학원,{'체르니'},127.0698617,37.14139445
학교교과교습학원,{'국어'},127.07267250000001,37.13811302
학교교과교습학원,{'체르니'},127.0726729,37.13856354
학교교과교습학원,"{'수학', '심화', '초등'}",127.0698617,37.14139445
학교교과교습학원,{'일본어'},127.07267250000001,37.13811302
학교교과교습학원,{'체르니'},127.0726729,37.13856354
학교교과교습학원,"{'종합', '초등'}",127.07225259999998,37.13433787
학교교과교습학원,"{'수학', '특강', '중'}",127.07383200000001,37.13841868
학교교과교습학원,"{'원격', '과학'}",127.0690288,37.14139492
학교교과교습학원,{'일반'},127.07472879999999,37.14650054
학교교과교습학원,"{'수학', '초등'}",127.0690288,37.14139492
학교교과교습학원,"{'초', '영어'}",127.0706121,37.13725822
학교교과교습학원,{'플릇'},127.08249579999999,37.13622364
학교교과교습학원,"{'영어', '특강', '중'}",127.07383200000001,37.13841868
학교교과교습학원,"{'영어', '특강', '중'}",127.07383200000001,37.13841868
학교교과교습학원,"{'유치부', '종합'}",127.0726729,37.13856354
학교교과교습학원,"{'유치부', '단'}",127.0726729,37.13856354
학교교과교습학원,"{'영어', '일', '초등'}",127.0737774,37.14020279
학교교과교습학원,{'영어'},127.07039070000002,37.14139415
학교교과교습학원,{'바이올린'},127.07641670000001,37.14600393
학교교과교습학원,{'개월'},127.0754716,37.14647306
학교교과교습학원,"{'영어', '고급'}",127.0695578,37.14136759
학교교과교습학원,"{'초', '피아노'}",127.0708332,37.13277988
학교교과교습학원,"{'스파르타', '특강'}",127.07472879999999,37.14650054
학교교과교습학원,"{'중국어', '고급'}",127.0758318,37.14647284
학교교과교습학원,"{'급', '어린이', '피아노'}",127.07641670000001,37.14600393
학교교과교습학원,"{'무용', '연기', '중고생'}",127.0738632,37.14769946
학교교과교습학원,{'일반'},127.07039070000002,37.14139415
학교교과교습학원,"{'미술', '초등'}",127.08658870000001,37.14300571
학교교과교습학원,"{'수학', '국어', '사회', '과학'}",127.0708332,37.13277988
학교교과교습학원,"{'미술', '유치'}",127.0758318,37.14647284
학교교과교습학원,"{'과목', '중'}",127.0698617,37.14139445
학교교과교습학원,"{'개인', '석'}",127.07039070000002,37.14139415
학교교과교습학원,"{'웹디자인', '중고', '그래픽', '초'}",127.07472879999999,37.14650054
학교교과교습학원,{'사고력'},127.07267250000001,37.13811302
학교교과교습학원,"{'초', '특강', '일'}",127.07225259999998,37.13433787
학교교과교습학원,{'인석'},127.07039070000002,37.14139415
학교교과교습학원,"{'국어', '등부'}",127.0713311,37.14830465
학교교과교습학원,"{'영어', '초등'}",127.0737774,37.14020279
학교교과교습학원,"{'영어', '똑똑'}",127.07267250000001,37.13811302
학교교과교습학원,"{'수학', '와락'}",127.07267250000001,37.13811302
학교교과교습학원,"{'영어', '와락'}",127.07267250000001,37.13811302
학교교과교습학원,"{'연합', '초등'}",127.0737774,37.14020279
학교교과교습학원,{'영어'},127.07039070000002,37.14139415
학교교과교습학원,"{'미술', '초등'}",127.0758318,37.14647284
학교교과교습학원,"{'학생', '일'}",127.07477560000001,37.14841975
학교교과교습학원,"{'초', '영어'}",127.0695578,37.14136759
학교교과교습학원,"{'재원', '과반', '생'}",127.0737774,37.14020279
학교교과교습학원,{'개월'},127.0754716,37.14647306
학교교과교습학원,{'과목'},127.08658870000001,37.14300571
학교교과교습학원,"{'일반', '고', '중'}",127.07472879999999,37.14650054
학교교과교습학원,{'인석특'},127.07039070000002,37.14139415
학교교과교습학원,"{'아동', '미술'}",127.0698617,37.14139445
학교교과교습학원,"{'초등', '단'}",127.07225259999998,37.13433787
학교교과교습학원,"{'종합', '등부'}",127.07230859999999,37.13400445
학교교과교습학원,"{'초', '국어', '등부'}",127.0713311,37.14830465
학교교과교습학원,"{'영어', '와락'}",127.07267250000001,37.13811302
학교교과교습학원,"{'이용권', '월'}",127.0754716,37.14647306
학교교과교습학원,"{'초등', '단'}",127.07174769999999,37.13603213
학교교과교습학원,"{'기기', '정보처리', '중고', '초'}",127.07472879999999,37.14650054
학교교과교습학원,"{'영어', '일', '초등'}",127.0737774,37.14020279
학교교과교습학원,"{'국어', '영역'}",127.07267250000001,37.13811302
학교교과교습학원,{'사회'},127.07267250000001,37.13811302
학교교과교습학원,"{'드', '프티'}",127.0754716,37.14647306
학교교과교습학원,"{'수학', '원격'}",127.0690288,37.14139492
학교교과교습학원,"{'기타', '중'}",127.07597759999999,37.14595014
학교교과교습학원,{'영어'},127.07039070000002,37.14139415
학교교과교습학원,{'영어'},127.07039070000002,37.14139415
학교교과교습학원,{'미디'},127.07641670000001,37.14600393
학교교과교습학원,"{'수학', '등부'}",127.0754716,37.14647306
학교교과교습학원,{'일'},127.0754716,37.14647306
학교교과교습학원,"{'미술', '입시'}",127.07297959999998,37.14169901
학교교과교습학원,"{'보컬', '무용', '뉴스', '연기'}",127.0738632,37.14769946
학교교과교습학원,"{'국', '영', '과', '등단', '수'}",127.0758318,37.14647284
학교교과교습학원,"{'회반', '주'}",127.0726729,37.13856354
학교교과교습학원,{'고급'},127.0706121,37.13725822
학교교과교습학원,"{'고', '피아노'}",127.0708332,37.13277988
학교교과교습학원,{'체르니'},127.070508,37.13416768
학교교과교습학원,{'영어'},127.07039070000002,37.14139415
학교교과교습학원,"{'과목', '초', '등부'}",127.07230859999999,37.13400445
학교교과교습학원,"{'바이엘', '피아노'}",127.0698617,37.14139445
학교교과교습학원,{'체르니'},127.0698617,37.14139445
학교교과교습학원,"{'수학', '스쿨'}",127.07267250000001,37.13811302
학교교과교습학원,"{'영어', '체험', '파닉스'}",127.07039070000002,37.14139415
학교교과교습학원,"{'초등', '사과', '국영수'}",127.0690288,37.14139492
학교교과교습학원,"{'수학', '가우스', '일', '초등'}",127.0737774,37.14020279
학교교과교습학원,{'매'},127.0754716,37.14647306
학교교과교습학원,"{'영어', '초등'}",127.07230859999999,37.13400445
학교교과교습학원,"{'초', '기타'}",127.07597759999999,37.14595014
학교교과교습학원,"{'중', '피아노'}",127.08249579999999,37.13622364
학교교과교습학원,"{'영어', '특강', '중'}",127.07383200000001,37.13841868
학교교과교습학원,"{'영어', '초등'}",127.0759455,37.14767116
학교교과교습학원,"{'취미', '기초', '기타'}",127.07641670000001,37.14600393
학교교과교습학원,"{'취미', '기타', '심화'}",127.07641670000001,37.14600393
학교교과교습학원,{'영어'},127.08658870000001,37.14300571
학교교과교습학원,"{'특강', '종합', '초등'}",127.07472879999999,37.14650054
교습소,{'바둑'},127.0708332,37.13277988
교습소,"{'보습', '논술'}",127.08249579999999,37.13622364
교습소,{'보습'},127.07119440000001,37.14650263
교습소,{'음악'},127.0753037,37.14744629
교습소,{'보습'},127.0726729,37.13856354
교습소,{'음악'},127.070508,37.13416768
교습소,{'미술'},127.0701081,37.14008779
교습소,{'보습'},127.0706121,37.13725822
교습소,{'음악'},127.0708332,37.13277988
교습소,{'음악'},127.0754716,37.14647306
교습소,{'보습'},127.0708332,37.13277988
교습소,{'보습'},127.0708332,37.13277988
교습소,{'보습'},127.074867,37.13794952
교습소,{'보습'},127.07597759999999,37.14595014
교습소,{'미술'},127.0706121,37.13725822
교습소,"{'보습', '논술'}",127.08249579999999,37.13622364
교습소,{'음악'},127.07383970000001,37.14672634
교습소,{'미술'},127.08249579999999,37.13622364
교습소,{'보습'},127.07597759999999,37.14595014
교습소,{'로봇'},127.0695578,37.14136759
학교교과교습학원,{'수학'},127.07267250000001,37.13811302
학교교과교습학원,"{'영어', '초등'}",127.0758318,37.14647284
학교교과교습학원,"{'초등저', '영어'}",127.0758318,37.14647284
학교교과교습학원,"{'국어', '종합', '등부'}",127.07230859999999,37.13400445
학교교과교습학원,{'사회'},127.07267250000001,37.13811302
학교교과교습학원,"{'초', '중고'}",127.0714997,37.1480883
학교교과교습학원,"{'수학', '종합', '중'}",127.07383200000001,37.13841868
학교교과교습학원,"{'수학', '특강', '중'}",127.07383200000001,37.13841868
학교교과교습학원,{'학생'},127.07477560000001,37.14841975
학교교과교습학원,"{'피아노', '중'}",127.07597759999999,37.14595014
학교교과교습학원,"{'수학', '가우스', '일', '초등'}",127.0737774,37.14020279
학교교과교습학원,"{'미술', '유치'}",127.0758318,37.14647284
학교교과교습학원,{'개월'},127.0754716,37.14647306
학교교과교습학원,"{'베', '주', '미술가', '회'}",127.06975349999999,37.1591992
학교교과교습학원,"{'체르니', '피아노'}",127.06975349999999,37.1591992
학교교과교습학원,{'드럼'},127.06975349999999,37.1591992
학교교과교습학원,"{'기초', '피아노'}",127.06975349999999,37.1591992
학교교과교습학원,"{'체르니', '피아노'}",127.06975349999999,37.1591992
학교교과교습학원,{'초등'},127.07122790000001,37.15869377
학교교과교습학원,{'플룻'},127.06975349999999,37.1591992
학교교과교습학원,"{'언어', '초등'}",127.07122790000001,37.15869377
학교교과교습학원,"{'체르니', '피아노'}",127.06975349999999,37.1591992
학교교과교습학원,"{'베', '주', '미술가', '회'}",127.06975349999999,37.1591992
학교교과교습학원,"{'수학', '초등'}",127.07122790000001,37.15869377
교습소,{'음악'},127.06450320000002,37.15397598
학교교과교습학원,{'독서실'},127.06186709999999,37.15147241
학교교과교습학원,{'영어'},127.0824104,37.12989833
학교교과교습학원,{'사회'},127.0824104,37.12989833
학교교과교습학원,{'기타'},127.079396,37.13142308
학교교과교습학원,{'피아노'},127.079396,37.13142308
학교교과교습학원,"{'영어', '초등'}",127.08511399999999,37.13239239
학교교과교습학원,"{'국어', '초등'}",127.079396,37.13142308
학교교과교습학원,{'국어'},127.0824104,37.12989833
학교교과교습학원,{'과학'},127.0824104,37.12989833
학교교과교습학원,{'플룻'},127.079396,37.13142308
학교교과교습학원,{'우쿨렐레'},127.079396,37.13142308
교습소,{'음악'},127.08547150000001,37.13000436
학교교과교습학원,{'피아노'},127.079396,37.13142308
학교교과교습학원,"{'수학', '초등'}",127.079396,37.13142308
학교교과교습학원,{'수학'},127.0824104,37.12989833
학교교과교습학원,"{'초등', '과학'}",127.079396,37.13142308
학교교과교습학원,"{'고급', '피아노'}",127.079396,37.13142308
학교교과교습학원,"{'사회', '초등'}",127.08511399999999,37.13239239
학교교과교습학원,"{'사회', '초등'}",127.079396,37.13142308
학교교과교습학원,"{'급', '피아노'}",127.079396,37.13142308
학교교과교습학원,"{'수학', '초등'}",127.08511399999999,37.13239239
학교교과교습학원,"{'영어', '초등'}",127.079396,37.13142308
학교교과교습학원,{'미술'},127.05091599999999,37.13642084
학교교과교습학원,"{'체르니', '작품', '반'}",127.08677970000001,37.14272625
학교교과교습학원,{'미술'},127.0502805,37.14599924
교습소,{'보습'},127.0637771,37.16105857
교습소,{'미술'},127.0637771,37.16105857
교습소,{'보습'},127.062722,37.16503272
교습소,{'보습'},127.0637771,37.16105857
교습소,{'미술'},127.0637771,37.16105857
교습소,{'보습'},127.062722,37.16503272
교습소,{'음악'},127.062674,37.16133846
학교교과교습학원,"{'중', '피아노'}",127.0423051,37.17735853
학교교과교습학원,{'바이올린'},127.0502805,37.14599924
학교교과교습학원,"{'주', '중', '회', '피아노'}",127.062722,37.16503272
학교교과교습학원,"{'종합', '초등'}",127.0442237,37.14389306
학교교과교습학원,"{'영어', '중'}",127.08677970000001,37.14272625
학교교과교습학원,{'이용권'},127.07119540000001,37.13511338
학교교과교습학원,{'영어'},127.04955770000001,37.14211601
학교교과교습학원,"{'급', '피아노'}",127.062722,37.16503272
학교교과교습학원,"{'초', '주', '회', '피아노'}",127.062722,37.16503272
학교교과교습학원,"{'주', '중', '회', '피아노'}",127.062722,37.16503272
학교교과교습학원,{'체르니'},127.08677970000001,37.14272625
학교교과교습학원,"{'국수', '사과', '초등'}",127.0442237,37.14389306
학교교과교습학원,"{'수학', '초등'}",127.07119540000001,37.13511338
학교교과교습학원,"{'고급', '반', '피아노'}",127.0502805,37.14599924
학교교과교습학원,{'피아노'},127.062722,37.16503272
학교교과교습학원,{'논술'},127.0618308,37.16283461
학교교과교습학원,"{'초', '바이엘'}",127.08677970000001,37.14272625
학교교과교습학원,"{'과목', '초등'}",127.08677970000001,37.14272625
학교교과교습학원,"{'입시', '피아노'}",127.0423051,37.17735853
학교교과교습학원,"{'초', '반', '피아노'}",127.0502805,37.14599924
학교교과교습학원,{'논술'},127.0618308,37.16283461
학교교과교습학원,"{'수학', '초등'}",127.08677970000001,37.14272625
학교교과교습학원,{'피아노'},127.04955770000001,37.14211601
학교교과교습학원,"{'고급', '피아노'}",127.062722,37.16503272
학교교과교습학원,"{'수학', '초등'}",127.0618308,37.16283461
학교교과교습학원,"{'고급', '피아노'}",127.0423051,37.17735853
학교교과교습학원,"{'이용권', '월'}",127.07119540000001,37.13511338
학교교과교습학원,{'체르니'},127.08677970000001,37.14272625
학교교과교습학원,{'수중'},127.0442237,37.14389306
학교교과교습학원,"{'수학', '초등'}",127.0618308,37.16283461
학교교과교습학원,"{'영어', '초등'}",127.0442237,37.14389306
학교교과교습학원,"{'초', '피아노'}",127.0423051,37.17735853
학교교과교습학원,"{'종합', '초등'}",127.07119540000001,37.13511338
학교교과교습학원,"{'주', '고급', '회', '피아노'}",127.062722,37.16503272
학교교과교습학원,"{'초', '영어'}",127.08677970000001,37.14272625
학교교과교습학원,"{'영어', '고급'}",127.08677970000001,37.14272625
학교교과교습학원,"{'급반', '피아노'}",127.0502805,37.14599924
학교교과교습학원,"{'국수', '사과'}",127.04955770000001,37.14211601
학교교과교습학원,"{'주', '고급', '회', '피아노'}",127.062722,37.16503272
학교교과교습학원,"{'초', '피아노'}",127.062722,37.16503272
학교교과교습학원,{'체르니'},127.08677970000001,37.14272625
